Workbook

Sheet Overview
B2: Fictional health data
B3: September 28 to October 25, 2026. Edit source values to explore the formulas.
B5: Metric | C5: Recorded days | D5: Average | E5: Total | F5: Unit | H5: 28 fictional journal dates
B6: Steps | C6: =COUNT('Daily metrics'!D7:D34) -> 28 | D6: =IF(C6=0,"",AVERAGE('Daily metrics'!D7:D34)) -> 8915.3571 | E6: =SUM('Daily metrics'!D7:D34) -> 249630 | F6: count | H6: October 8: no sleep reading
B7: Sleep duration | C7: =COUNT('Daily metrics'!G7:G34) -> 27 | D7: =IF(C7=0,"",AVERAGE('Daily metrics'!G7:G34)) -> 7.4851852 | E7: =SUM('Daily metrics'!G7:G34) -> 202.1 | F7: hours | H7: No targets or health conclusions
B9: Averages include recorded days only. Missing sleep is a chart gap, not zero.
B29: Fixed 28-day example. To analyze your own export, follow the Excel or Google Sheets guide.

Sheet Daily metrics
A2: Daily metrics
A3: Fictional data. A blank is not a measured zero.
A4: Sleep uses journal dates. Missing chart values use #N/A so the line has a gap.
A6: Journal date | B6: Chart date | C6: Step rows | D6: Steps | E6: Sleep rows | F6: Sleep seconds | G6: Sleep hours | H6: Sleep chart
A7: 46293 | B7: =TEXT(A7,"mm/dd") -> 09/28 | C7: =COUNTIFS('Raw data'!$A$7:$A$61,TEXT(A7,"yyyy-mm-dd"),'Raw data'!$B$7:$B$61,"Activity",'Raw data'!$C$7:$C$61,"Steps",'Raw data'!$E$7:$E$61,"count",'Raw data'!$D$7:$D$61,"<>") -> 1 | D7: =IF(C7=0,"",IF(C7=1,SUMIFS('Raw data'!$G$7:$G$61,'Raw data'!$A$7:$A$61,TEXT(A7,"yyyy-mm-dd"),'Raw data'!$B$7:$B$61,"Activity",'Raw data'!$C$7:$C$61,"Steps",'Raw data'!$E$7:$E$61,"count"),NA())) -> 6420 | E7: =COUNTIFS('Raw data'!$A$7:$A$61,TEXT(A7,"yyyy-mm-dd"),'Raw data'!$B$7:$B$61,"Sleep",'Raw data'!$C$7:$C$61,"Total Duration",'Raw data'!$E$7:$E$61,"seconds",'Raw data'!$D$7:$D$61,"<>") -> 1 | F7: =IF(E7=0,"",IF(E7=1,SUMIFS('Raw data'!$G$7:$G$61,'Raw data'!$A$7:$A$61,TEXT(A7,"yyyy-mm-dd"),'Raw data'!$B$7:$B$61,"Sleep",'Raw data'!$C$7:$C$61,"Total Duration",'Raw data'!$E$7:$E$61,"seconds"),NA())) -> 26100 | G7: =IF(F7="","",F7/3600) -> 7.25 | H7: =IF(G7="",NA(),G7) -> 7.25
A8: 46294 | B8: =TEXT(A8,"mm/dd") -> 09/29 | C8: =COUNTIFS('Raw data'!$A$7:$A$61,TEXT(A8,"yyyy-mm-dd"),'Raw data'!$B$7:$B$61,"Activity",'Raw data'!$C$7:$C$61,"Steps",'Raw data'!$E$7:$E$61,"count",'Raw data'!$D$7:$D$61,"<>") -> 1 | D8: =IF(C8=0,"",IF(C8=1,SUMIFS('Raw data'!$G$7:$G$61,'Raw data'!$A$7:$A$61,TEXT(A8,"yyyy-mm-dd"),'Raw data'!$B$7:$B$61,"Activity",'Raw data'!$C$7:$C$61,"Steps",'Raw data'!$E$7:$E$61,"count"),NA())) -> 8150 | E8: =COUNTIFS('Raw data'!$A$7:$A$61,TEXT(A8,"yyyy-mm-dd"),'Raw data'!$B$7:$B$61,"Sleep",'Raw data'!$C$7:$C$61,"Total Duration",'Raw data'!$E$7:$E$61,"seconds",'Raw data'!$D$7:$D$61,"<>") -> 1 | F8: =IF(E8=0,"",IF(E8=1,SUMIFS('Raw data'!$G$7:$G$61,'Raw data'!$A$7:$A$61,TEXT(A8,"yyyy-mm-dd"),'Raw data'!$B$7:$B$61,"Sleep",'Raw data'!$C$7:$C$61,"Total Duration",'Raw data'!$E$7:$E$61,"seconds"),NA())) -> 27000 | G8: =IF(F8="","",F8/3600) -> 7.5 | H8: =IF(G8="",NA(),G8) -> 7.5
A9: 46295 | B9: =TEXT(A9,"mm/dd") -> 09/30 | C9: =COUNTIFS('Raw data'!$A$7:$A$61,TEXT(A9,"yyyy-mm-dd"),'Raw data'!$B$7:$B$61,"Activity",'Raw data'!$C$7:$C$61,"Steps",'Raw data'!$E$7:$E$61,"count",'Raw data'!$D$7:$D$61,"<>") -> 1 | D9: =IF(C9=0,"",IF(C9=1,SUMIFS('Raw data'!$G$7:$G$61,'Raw data'!$A$7:$A$61,TEXT(A9,"yyyy-mm-dd"),'Raw data'!$B$7:$B$61,"Activity",'Raw data'!$C$7:$C$61,"Steps",'Raw data'!$E$7:$E$61,"count"),NA())) -> 7230 | E9: =COUNTIFS('Raw data'!$A$7:$A$61,TEXT(A9,"yyyy-mm-dd"),'Raw data'!$B$7:$B$61,"Sleep",'Raw data'!$C$7:$C$61,"Total Duration",'Raw data'!$E$7:$E$61,"seconds",'Raw data'!$D$7:$D$61,"<>") -> 1 | F9: =IF(E9=0,"",IF(E9=1,SUMIFS('Raw data'!$G$7:$G$61,'Raw data'!$A$7:$A$61,TEXT(A9,"yyyy-mm-dd"),'Raw data'!$B$7:$B$61,"Sleep",'Raw data'!$C$7:$C$61,"Total Duration",'Raw data'!$E$7:$E$61,"seconds"),NA())) -> 24300 | G9: =IF(F9="","",F9/3600) -> 6.75 | H9: =IF(G9="",NA(),G9) -> 6.75
A10: 46296 | B10: =TEXT(A10,"mm/dd") -> 10/01 | C10: =COUNTIFS('Raw data'!$A$7:$A$61,TEXT(A10,"yyyy-mm-dd"),'Raw data'!$B$7:$B$61,"Activity",'Raw data'!$C$7:$C$61,"Steps",'Raw data'!$E$7:$E$61,"count",'Raw data'!$D$7:$D$61,"<>") -> 1 | D10: =IF(C10=0,"",IF(C10=1,SUMIFS('Raw data'!$G$7:$G$61,'Raw data'!$A$7:$A$61,TEXT(A10,"yyyy-mm-dd"),'Raw data'!$B$7:$B$61,"Activity",'Raw data'!$C$7:$C$61,"Steps",'Raw data'!$E$7:$E$61,"count"),NA())) -> 9100 | E10: =COUNTIFS('Raw data'!$A$7:$A$61,TEXT(A10,"yyyy-mm-dd"),'Raw data'!$B$7:$B$61,"Sleep",'Raw data'!$C$7:$C$61,"Total Duration",'Raw data'!$E$7:$E$61,"seconds",'Raw data'!$D$7:$D$61,"<>") -> 1 | F10: =IF(E10=0,"",IF(E10=1,SUMIFS('Raw data'!$G$7:$G$61,'Raw data'!$A$7:$A$61,TEXT(A10,"yyyy-mm-dd"),'Raw data'!$B$7:$B$61,"Sleep",'Raw data'!$C$7:$C$61,"Total Duration",'Raw data'!$E$7:$E$61,"seconds"),NA())) -> 25560 | G10: =IF(F10="","",F10/3600) -> 7.1 | H10: =IF(G10="",NA(),G10) -> 7.1
A11: 46297 | B11: =TEXT(A11,"mm/dd") -> 10/02 | C11: =COUNTIFS('Raw data'!$A$7:$A$61,TEXT(A11,"yyyy-mm-dd"),'Raw data'!$B$7:$B$61,"Activity",'Raw data'!$C$7:$C$61,"Steps",'Raw data'!$E$7:$E$61,"count",'Raw data'!$D$7:$D$61,"<>") -> 1 | D11: =IF(C11=0,"",IF(C11=1,SUMIFS('Raw data'!$G$7:$G$61,'Raw data'!$A$7:$A$61,TEXT(A11,"yyyy-mm-dd"),'Raw data'!$B$7:$B$61,"Activity",'Raw data'!$C$7:$C$61,"Steps",'Raw data'!$E$7:$E$61,"count"),NA())) -> 5680 | E11: =COUNTIFS('Raw data'!$A$7:$A$61,TEXT(A11,"yyyy-mm-dd"),'Raw data'!$B$7:$B$61,"Sleep",'Raw data'!$C$7:$C$61,"Total Duration",'Raw data'!$E$7:$E$61,"seconds",'Raw data'!$D$7:$D$61,"<>") -> 1 | F11: =IF(E11=0,"",IF(E11=1,SUMIFS('Raw data'!$G$7:$G$61,'Raw data'!$A$7:$A$61,TEXT(A11,"yyyy-mm-dd"),'Raw data'!$B$7:$B$61,"Sleep",'Raw data'!$C$7:$C$61,"Total Duration",'Raw data'!$E$7:$E$61,"seconds"),NA())) -> 23040 | G11: =IF(F11="","",F11/3600) -> 6.4 | H11: =IF(G11="",NA(),G11) -> 6.4
A12: 46298 | B12: =TEXT(A12,"mm/dd") -> 10/03 | C12: =COUNTIFS('Raw data'!$A$7:$A$61,TEXT(A12,"yyyy-mm-dd"),'Raw data'!$B$7:$B$61,"Activity",'Raw data'!$C$7:$C$61,"Steps",'Raw data'!$E$7:$E$61,"count",'Raw data'!$D$7:$D$61,"<>") -> 1 | D12: =IF(C12=0,"",IF(C12=1,SUMIFS('Raw data'!$G$7:$G$61,'Raw data'!$A$7:$A$61,TEXT(A12,"yyyy-mm-dd"),'Raw data'!$B$7:$B$61,"Activity",'Raw data'!$C$7:$C$61,"Steps",'Raw data'!$E$7:$E$61,"count"),NA())) -> 12340 | E12: =COUNTIFS('Raw data'!$A$7:$A$61,TEXT(A12,"yyyy-mm-dd"),'Raw data'!$B$7:$B$61,"Sleep",'Raw data'!$C$7:$C$61,"Total Duration",'Raw data'!$E$7:$E$61,"seconds",'Raw data'!$D$7:$D$61,"<>") -> 1 | F12: =IF(E12=0,"",IF(E12=1,SUMIFS('Raw data'!$G$7:$G$61,'Raw data'!$A$7:$A$61,TEXT(A12,"yyyy-mm-dd"),'Raw data'!$B$7:$B$61,"Sleep",'Raw data'!$C$7:$C$61,"Total Duration",'Raw data'!$E$7:$E$61,"seconds"),NA())) -> 29520 | G12: =IF(F12="","",F12/3600) -> 8.2 | H12: =IF(G12="",NA(),G12) -> 8.2
A13: 46299 | B13: =TEXT(A13,"mm/dd") -> 10/04 | C13: =COUNTIFS('Raw data'!$A$7:$A$61,TEXT(A13,"yyyy-mm-dd"),'Raw data'!$B$7:$B$61,"Activity",'Raw data'!$C$7:$C$61,"Steps",'Raw data'!$E$7:$E$61,"count",'Raw data'!$D$7:$D$61,"<>") -> 1 | D13: =IF(C13=0,"",IF(C13=1,SUMIFS('Raw data'!$G$7:$G$61,'Raw data'!$A$7:$A$61,TEXT(A13,"yyyy-mm-dd"),'Raw data'!$B$7:$B$61,"Activity",'Raw data'!$C$7:$C$61,"Steps",'Raw data'!$E$7:$E$61,"count"),NA())) -> 7840 | E13: =COUNTIFS('Raw data'!$A$7:$A$61,TEXT(A13,"yyyy-mm-dd"),'Raw data'!$B$7:$B$61,"Sleep",'Raw data'!$C$7:$C$61,"Total Duration",'Raw data'!$E$7:$E$61,"seconds",'Raw data'!$D$7:$D$61,"<>") -> 1 | F13: =IF(E13=0,"",IF(E13=1,SUMIFS('Raw data'!$G$7:$G$61,'Raw data'!$A$7:$A$61,TEXT(A13,"yyyy-mm-dd"),'Raw data'!$B$7:$B$61,"Sleep",'Raw data'!$C$7:$C$61,"Total Duration",'Raw data'!$E$7:$E$61,"seconds"),NA())) -> 28080 | G13: =IF(F13="","",F13/3600) -> 7.8 | H13: =IF(G13="",NA(),G13) -> 7.8
A14: 46300 | B14: =TEXT(A14,"mm/dd") -> 10/05 | C14: =COUNTIFS('Raw data'!$A$7:$A$61,TEXT(A14,"yyyy-mm-dd"),'Raw data'!$B$7:$B$61,"Activity",'Raw data'!$C$7:$C$61,"Steps",'Raw data'!$E$7:$E$61,"count",'Raw data'!$D$7:$D$61,"<>") -> 1 | D14: =IF(C14=0,"",IF(C14=1,SUMIFS('Raw data'!$G$7:$G$61,'Raw data'!$A$7:$A$61,TEXT(A14,"yyyy-mm-dd"),'Raw data'!$B$7:$B$61,"Activity",'Raw data'!$C$7:$C$61,"Steps",'Raw data'!$E$7:$E$61,"count"),NA())) -> 7540 | E14: =COUNTIFS('Raw data'!$A$7:$A$61,TEXT(A14,"yyyy-mm-dd"),'Raw data'!$B$7:$B$61,"Sleep",'Raw data'!$C$7:$C$61,"Total Duration",'Raw data'!$E$7:$E$61,"seconds",'Raw data'!$D$7:$D$61,"<>") -> 1 | F14: =IF(E14=0,"",IF(E14=1,SUMIFS('Raw data'!$G$7:$G$61,'Raw data'!$A$7:$A$61,TEXT(A14,"yyyy-mm-dd"),'Raw data'!$B$7:$B$61,"Sleep",'Raw data'!$C$7:$C$61,"Total Duration",'Raw data'!$E$7:$E$61,"seconds"),NA())) -> 26640 | G14: =IF(F14="","",F14/3600) -> 7.4 | H14: =IF(G14="",NA(),G14) -> 7.4
A15: 46301 | B15: =TEXT(A15,"mm/dd") -> 10/06 | C15: =COUNTIFS('Raw data'!$A$7:$A$61,TEXT(A15,"yyyy-mm-dd"),'Raw data'!$B$7:$B$61,"Activity",'Raw data'!$C$7:$C$61,"Steps",'Raw data'!$E$7:$E$61,"count",'Raw data'!$D$7:$D$61,"<>") -> 1 | D15: =IF(C15=0,"",IF(C15=1,SUMIFS('Raw data'!$G$7:$G$61,'Raw data'!$A$7:$A$61,TEXT(A15,"yyyy-mm-dd"),'Raw data'!$B$7:$B$61,"Activity",'Raw data'!$C$7:$C$61,"Steps",'Raw data'!$E$7:$E$61,"count"),NA())) -> 8920 | E15: =COUNTIFS('Raw data'!$A$7:$A$61,TEXT(A15,"yyyy-mm-dd"),'Raw data'!$B$7:$B$61,"Sleep",'Raw data'!$C$7:$C$61,"Total Duration",'Raw data'!$E$7:$E$61,"seconds",'Raw data'!$D$7:$D$61,"<>") -> 1 | F15: =IF(E15=0,"",IF(E15=1,SUMIFS('Raw data'!$G$7:$G$61,'Raw data'!$A$7:$A$61,TEXT(A15,"yyyy-mm-dd"),'Raw data'!$B$7:$B$61,"Sleep",'Raw data'!$C$7:$C$61,"Total Duration",'Raw data'!$E$7:$E$61,"seconds"),NA())) -> 27360 | G15: =IF(F15="","",F15/3600) -> 7.6 | H15: =IF(G15="",NA(),G15) -> 7.6
A16: 46302 | B16: =TEXT(A16,"mm/dd") -> 10/07 | C16: =COUNTIFS('Raw data'!$A$7:$A$61,TEXT(A16,"yyyy-mm-dd"),'Raw data'!$B$7:$B$61,"Activity",'Raw data'!$C$7:$C$61,"Steps",'Raw data'!$E$7:$E$61,"count",'Raw data'!$D$7:$D$61,"<>") -> 1 | D16: =IF(C16=0,"",IF(C16=1,SUMIFS('Raw data'!$G$7:$G$61,'Raw data'!$A$7:$A$61,TEXT(A16,"yyyy-mm-dd"),'Raw data'!$B$7:$B$61,"Activity",'Raw data'!$C$7:$C$61,"Steps",'Raw data'!$E$7:$E$61,"count"),NA())) -> 6300 | E16: =COUNTIFS('Raw data'!$A$7:$A$61,TEXT(A16,"yyyy-mm-dd"),'Raw data'!$B$7:$B$61,"Sleep",'Raw data'!$C$7:$C$61,"Total Duration",'Raw data'!$E$7:$E$61,"seconds",'Raw data'!$D$7:$D$61,"<>") -> 1 | F16: =IF(E16=0,"",IF(E16=1,SUMIFS('Raw data'!$G$7:$G$61,'Raw data'!$A$7:$A$61,TEXT(A16,"yyyy-mm-dd"),'Raw data'!$B$7:$B$61,"Sleep",'Raw data'!$C$7:$C$61,"Total Duration",'Raw data'!$E$7:$E$61,"seconds"),NA())) -> 24840 | G16: =IF(F16="","",F16/3600) -> 6.9 | H16: =IF(G16="",NA(),G16) -> 6.9
A17: 46303 | B17: =TEXT(A17,"mm/dd") -> 10/08 | C17: =COUNTIFS('Raw data'!$A$7:$A$61,TEXT(A17,"yyyy-mm-dd"),'Raw data'!$B$7:$B$61,"Activity",'Raw data'!$C$7:$C$61,"Steps",'Raw data'!$E$7:$E$61,"count",'Raw data'!$D$7:$D$61,"<>") -> 1 | D17: =IF(C17=0,"",IF(C17=1,SUMIFS('Raw data'!$G$7:$G$61,'Raw data'!$A$7:$A$61,TEXT(A17,"yyyy-mm-dd"),'Raw data'!$B$7:$B$61,"Activity",'Raw data'!$C$7:$C$61,"Steps",'Raw data'!$E$7:$E$61,"count"),NA())) -> 9850 | E17: =COUNTIFS('Raw data'!$A$7:$A$61,TEXT(A17,"yyyy-mm-dd"),'Raw data'!$B$7:$B$61,"Sleep",'Raw data'!$C$7:$C$61,"Total Duration",'Raw data'!$E$7:$E$61,"seconds",'Raw data'!$D$7:$D$61,"<>") -> 0 | F17: =IF(E17=0,"",IF(E17=1,SUMIFS('Raw data'!$G$7:$G$61,'Raw data'!$A$7:$A$61,TEXT(A17,"yyyy-mm-dd"),'Raw data'!$B$7:$B$61,"Sleep",'Raw data'!$C$7:$C$61,"Total Duration",'Raw data'!$E$7:$E$61,"seconds"),NA())) | G17: =IF(F17="","",F17/3600) | H17: =IF(G17="",NA(),G17) -> #N/A
A18: 46304 | B18: =TEXT(A18,"mm/dd") -> 10/09 | C18: =COUNTIFS('Raw data'!$A$7:$A$61,TEXT(A18,"yyyy-mm-dd"),'Raw data'!$B$7:$B$61,"Activity",'Raw data'!$C$7:$C$61,"Steps",'Raw data'!$E$7:$E$61,"count",'Raw data'!$D$7:$D$61,"<>") -> 1 | D18: =IF(C18=0,"",IF(C18=1,SUMIFS('Raw data'!$G$7:$G$61,'Raw data'!$A$7:$A$61,TEXT(A18,"yyyy-mm-dd"),'Raw data'!$B$7:$B$61,"Activity",'Raw data'!$C$7:$C$61,"Steps",'Raw data'!$E$7:$E$61,"count"),NA())) -> 7020 | E18: =COUNTIFS('Raw data'!$A$7:$A$61,TEXT(A18,"yyyy-mm-dd"),'Raw data'!$B$7:$B$61,"Sleep",'Raw data'!$C$7:$C$61,"Total Duration",'Raw data'!$E$7:$E$61,"seconds",'Raw data'!$D$7:$D$61,"<>") -> 1 | F18: =IF(E18=0,"",IF(E18=1,SUMIFS('Raw data'!$G$7:$G$61,'Raw data'!$A$7:$A$61,TEXT(A18,"yyyy-mm-dd"),'Raw data'!$B$7:$B$61,"Sleep",'Raw data'!$C$7:$C$61,"Total Duration",'Raw data'!$E$7:$E$61,"seconds"),NA())) -> 26280 | G18: =IF(F18="","",F18/3600) -> 7.3 | H18: =IF(G18="",NA(),G18) -> 7.3
... A34: 46320 | B34: =TEXT(A34,"mm/dd") -> 10/25 | C34: =COUNTIFS('Raw data'!$A$7:$A$61,TEXT(A34,"yyyy-mm-dd"),'Raw data'!$B$7:$B$61,"Activity",'Raw data'!$C$7:$C$61,"Steps",'Raw data'!$E$7:$E$61,"count",'Raw data'!$D$7:$D$61,"<>") -> 1 | D34: =IF(C34=0,"",IF(C34=1,SUMIFS('Raw data'!$G$7:$G$61,'Raw data'!$A$7:$A$61,TEXT(A34,"yyyy-mm-dd"),'Raw data'!$B$7:$B$61,"Activity",'Raw data'!$C$7:$C$61,"Steps",'Raw data'!$E$7:$E$61,"count"),NA())) -> 9150 | E34: =COUNTIFS('Raw data'!$A$7:$A$61,TEXT(A34,"yyyy-mm-dd"),'Raw data'!$B$7:$B$61,"Sleep",'Raw data'!$C$7:$C$61,"Total Duration",'Raw data'!$E$7:$E$61,"seconds",'Raw data'!$D$7:$D$61,"<>") -> 1 | F34: =IF(E34=0,"",IF(E34=1,SUMIFS('Raw data'!$G$7:$G$61,'Raw data'!$A$7:$A$61,TEXT(A34,"yyyy-mm-dd"),'Raw data'!$B$7:$B$61,"Sleep",'Raw data'!$C$7:$C$61,"Total Duration",'Raw data'!$E$7:$E$61,"seconds"),NA())) -> 28800 | G34: =IF(F34="","",F34/3600) -> 8 | H34: =IF(G34="",NA(),G34) -> 8
A36: Duplicate metric rows produce #N/A. Investigate duplicates before adding values.

Sheet Raw data
A2: Fictional source rows
A3: Illustrative two-metric CSV subset. No personal health records.
A4: Source: Health.md fictional starter dataset, https://healthmd.app/blog/export-apple-health-data-to-obsidian/#starter-vault
A6: Date | B6: Category | C6: Metric | D6: Value | E6: Unit | F6: Timestamp | G6: Checked value
A7: 2026-09-28 | B7: Activity | C7: Steps | D7: 6420 | E7: count | G7: =IF(D7="","",IF(ISNUMBER(D7),D7,NA())) -> 6420
A8: 2026-09-28 | B8: Sleep | C8: Total Duration | D8: 26100 | E8: seconds | G8: =IF(D8="","",IF(ISNUMBER(D8),D8,NA())) -> 26100
A9: 2026-09-29 | B9: Activity | C9: Steps | D9: 8150 | E9: count | G9: =IF(D9="","",IF(ISNUMBER(D9),D9,NA())) -> 8150
A10: 2026-09-29 | B10: Sleep | C10: Total Duration | D10: 27000 | E10: seconds | G10: =IF(D10="","",IF(ISNUMBER(D10),D10,NA())) -> 27000
A11: 2026-09-30 | B11: Activity | C11: Steps | D11: 7230 | E11: count | G11: =IF(D11="","",IF(ISNUMBER(D11),D11,NA())) -> 7230
A12: 2026-09-30 | B12: Sleep | C12: Total Duration | D12: 24300 | E12: seconds | G12: =IF(D12="","",IF(ISNUMBER(D12),D12,NA())) -> 24300
A13: 2026-10-01 | B13: Activity | C13: Steps | D13: 9100 | E13: count | G13: =IF(D13="","",IF(ISNUMBER(D13),D13,NA())) -> 9100
A14: 2026-10-01 | B14: Sleep | C14: Total Duration | D14: 25560 | E14: seconds | G14: =IF(D14="","",IF(ISNUMBER(D14),D14,NA())) -> 25560
A15: 2026-10-02 | B15: Activity | C15: Steps | D15: 5680 | E15: count | G15: =IF(D15="","",IF(ISNUMBER(D15),D15,NA())) -> 5680
A16: 2026-10-02 | B16: Sleep | C16: Total Duration | D16: 23040 | E16: seconds | G16: =IF(D16="","",IF(ISNUMBER(D16),D16,NA())) -> 23040
A17: 2026-10-03 | B17: Activity | C17: Steps | D17: 12340 | E17: count | G17: =IF(D17="","",IF(ISNUMBER(D17),D17,NA())) -> 12340
A18: 2026-10-03 | B18: Sleep | C18: Total Duration | D18: 29520 | E18: seconds | G18: =IF(D18="","",IF(ISNUMBER(D18),D18,NA())) -> 29520
... A61: 2026-10-25 | B61: Sleep | C61: Total Duration | D61: 28800 | E61: seconds | G61: =IF(D61="","",IF(ISNUMBER(D61),D61,NA())) -> 28800
